NAME_URL,NAME,POS,G,M,AJP48,WP48,WP,POP48,PTS,REB,AST
https://www.boxscoregeeks.com/players/162-zydrunas-ilgauskas,Zydrunas Ilgauskas,5.0,78,2130,.340,.186,8.2,2.7,27.4,13.3,2.1
https://www.boxscoregeeks.com/players/865-zoran-planinic,Zoran Planinic,2.0,56,566,-.002,-.070,-.8,-5.3,16.2,6.3,4.5
https://www.boxscoregeeks.com/players/819-zendon-hamilton,Zendon Hamilton,5.0,12,48,.247,.092,.1,-.2,25.8,10.9,0
https://www.boxscoregeeks.com/players/841-zeljko-rebraca,Zeljko Rebraca,5.0,29,412,.157,.003,.0,-3.0,15.7,7.5,1.0
https://www.boxscoregeeks.com/players/4-zaza-pachulia,Zaza Pachulia,4.8,78,2253,.257,.103,4.8,.1,19.4,13.1,2.7
https://www.boxscoregeeks.com/players/827-zarko-cabarkapa,Zarko Cabarkapa,4.0,61,456,.059,-.095,-.9,-6.0,20.9,11.7,2.1
https://www.boxscoregeeks.com/players/433-zach-randolph,Zach Randolph,4.3,74,2405,.110,-.044,-2.2,-4.5,26.6,11.8,2.9
https://www.boxscoregeeks.com/players/775-yaroslav-korolev,Yaroslav Korolev,3.5,24,107,.001,-.110,-.2,-6.5,12.1,5.8,4.0
https://www.boxscoregeeks.com/players/417-yao-ming,Yao Ming,5.0,57,1949,.364,.209,8.5,3.4,31.3,14.3,2.1
https://www.boxscoregeeks.com/players/390-willie-green,Willie Green,2.0,10,153,-.066,-.134,-.4,-7.2,22.0,4.7,1.6
https://www.boxscoregeeks.com/players/76-will-bynum,Will Bynum,1.0,15,162,.038,-.032,-.1,-4.1,16.0,3.6,5.6
https://www.boxscoregeeks.com/players/783-wayne-simien,Wayne Simien,4.0,43,381,.172,.018,.1,-2.5,18.4,11.1,.9
https://www.boxscoregeeks.com/players/839-walter-mccarty,Walter McCarty,3.5,36,347,.039,-.072,-.5,-5.3,12.2,9.4,3.2
https://www.boxscoregeeks.com/players/631-wally-szczerbiak,Wally Szczerbiak,2.5,72,2528,.230,.162,8.6,2.0,25.9,5.9,4.0
https://www.boxscoregeeks.com/players/823-voshon-lenard,Voshon Lenard,2.0,26,458,.006,-.062,-.6,-5.0,20.0,4.9,4.3
https://www.boxscoregeeks.com/players/455-von-wafer,Von Wafer,1.0,16,67,-.422,-.491,-.7,-18.3,14.3,5.7,2.9
https://www.boxscoregeeks.com/players/432-vladimir-radmanovic,Vladimir Radmanovic,3.2,77,1777,.201,.112,4.1,.4,20.4,9.7,3.7
https://www.boxscoregeeks.com/players/805-vitaly-potapenko,Vitaly Potapenko,5.0,33,349,.114,-.040,-.3,-4.3,11.5,8.8,1.2
https://www.boxscoregeeks.com/players/261-vince-carter,Vince Carter,2.1,79,2720,.205,.137,7.8,1.2,33.7,8.2,6.0
https://www.boxscoregeeks.com/players/837-vin-baker,Vin Baker,4.5,8,85,.205,.051,.1,-1.5,15.3,10.7,2.3
https://www.boxscoregeeks.com/players/681-viktor-khryapa,Viktor Khryapa,3.5,69,1426,.198,.083,2.5,-.5,13.6,10.3,3.0
https://www.boxscoregeeks.com/players/160-udonis-haslem,Udonis Haslem,4.2,81,2342,.310,.156,7.6,1.8,15.5,13.0,1.9
https://www.boxscoregeeks.com/players/368-tyson-chandler,Tyson Chandler,5.0,79,2057,.415,.261,11.2,5.0,9.7,16.7,1.9
https://www.boxscoregeeks.com/players/651-tyronn-lue,Tyronn Lue,1.0,51,1146,.139,.070,1.7,-.9,23.4,3.4,6.6
https://www.boxscoregeeks.com/players/420-troy-murphy,Troy Murphy,4.5,74,2394,.289,.135,6.7,1.1,20.8,14.9,2.0
https://www.boxscoregeeks.com/players/699-troy-hudson,Troy Hudson,1.0,36,686,.016,-.054,-.8,-4.7,23.9,3.1,7.4
https://www.boxscoregeeks.com/players/205-trevor-ariza,Trevor Ariza,3.0,57,967,.237,.169,3.4,2.2,13.1,10.8,3.0
https://www.boxscoregeeks.com/players/563-trenton-hassell,Trenton Hassell,2.4,77,2317,.121,.053,2.6,-1.4,14.7,4.5,4.2
https://www.boxscoregeeks.com/players/198-travis-outlaw,Travis Outlaw,4.0,69,1090,.147,-.007,-.2,-3.3,17.6,8.3,1.5
https://www.boxscoregeeks.com/players/582-travis-diener,Travis Diener,1.0,23,196,.212,.142,.6,1.3,21.5,5.1,3.9
https://www.boxscoregeeks.com/players/466-tracy-mcgrady,Tracy McGrady,3.0,47,1726,.154,.086,3.1,-.4,31.9,8.5,6.3
https://www.boxscoregeeks.com/players/310-tony-parker,Tony Parker,1.1,80,2537,.238,.168,8.9,2.2,28.6,4.9,8.7
https://www.boxscoregeeks.com/players/826-tony-delk,Tony Delk,1.0,24,385,.157,.088,.7,-.4,22.7,6.6,4.1
https://www.boxscoregeeks.com/players/357-tony-battie,Tony Battie,4.1,82,2079,.232,.078,3.4,-.7,15.0,10.6,1.1
https://www.boxscoregeeks.com/players/146-tony-allen,Tony Allen,2.4,51,894,.157,.089,1.7,-.3,19.8,6.0,3.6
https://www.boxscoregeeks.com/players/860-toni-kukoc,Toni Kukoc,3.5,65,924,.174,.063,1.2,-1.1,16.5,7.8,7.2
https://www.boxscoregeeks.com/players/569-tim-thomas,Tim Thomas,5.0,29,665,.113,-.042,-.6,-4.4,21.7,9.5,1.4
https://www.boxscoregeeks.com/players/303-tim-duncan,Tim Duncan,4.4,80,2595,.375,.221,12.0,3.8,27.5,16.3,4.7
https://www.boxscoregeeks.com/players/434-theo-ratliff,Theo Ratliff,5.0,55,1199,.311,.157,3.9,1.8,10.8,11.2,1.1
https://www.boxscoregeeks.com/players/873-terence-morris,Terence Morris,3.0,22,188,.071,.003,.0,-3.0,8.9,9.7,1.0
https://www.boxscoregeeks.com/players/429-tayshaun-prince,Tayshaun Prince,3.0,82,2715,.187,.120,6.8,.6,20.4,6.1,3.3
https://www.boxscoregeeks.com/players/502-t-j-ford,T.J. Ford,1.0,72,2322,.160,.090,4.4,-.3,18.2,6.4,9.8
https://www.boxscoregeeks.com/players/655-stromile-swift,Stromile Swift,4.0,66,1307,.190,.036,1.0,-2.0,21.5,10.7,.9
https://www.boxscoregeeks.com/players/597-steven-hunter,Steven Hunter,4.6,69,1272,.278,.123,3.3,.8,15.9,10.2,.6
https://www.boxscoregeeks.com/players/269-steve-nash,Steve Nash,1.0,79,2628,.389,.319,17.5,6.9,27.2,6.1,15.1
https://www.boxscoregeeks.com/players/703-steve-francis,Steve Francis,1.1,70,2288,.152,.082,3.9,-.5,21.1,6.1,7.2
https://www.boxscoregeeks.com/players/135-steve-blake,Steve Blake,1.5,68,1673,.202,.134,4.7,1.1,16.1,4.2,8.8
https://www.boxscoregeeks.com/players/621-stephon-marbury,Stephon Marbury,1.0,60,1955,.160,.090,3.7,-.3,24.0,4.3,9.4
https://www.boxscoregeeks.com/players/24-stephen-jackson,Stephen Jackson,2.5,81,2697,.106,.038,2.2,-1.9,23.7,5.6,4.0
https://www.boxscoregeeks.com/players/194-stephen-graham,Stephen Graham,2.3,22,175,-.001,-.069,-.3,-5.2,15.9,7.4,1.9
https://www.boxscoregeeks.com/players/751-stanislav-medvedenko,Stanislav Medvedenko,5.0,2,6,.026,-.129,.0,-7.1,15.4,0,7.7
https://www.boxscoregeeks.com/players/871-stacey-augmon,Stacey Augmon,3.0,36,357,.136,.068,.5,-1.0,9.6,7.1,3.1
https://www.boxscoregeeks.com/players/619-speedy-claxton,Speedy Claxton,1.0,71,1863,.140,.070,2.7,-.9,22.4,5.0,8.7
https://www.boxscoregeeks.com/players/714-smush-parker,Smush Parker,1.0,82,2562,.211,.141,7.5,1.3,17.6,5.1,5.7
https://www.boxscoregeeks.com/players/62-shawn-marion,Shawn Marion,3.7,81,3075,.434,.305,19.5,6.4,27.6,15.0,2.2
https://www.boxscoregeeks.com/players/584-shavlik-randolph,Shavlik Randolph,4.0,57,473,.268,.114,1.1,.5,13.3,13.5,1.9
https://www.boxscoregeeks.com/players/25-shaun-livingston,Shaun Livingston,1.2,61,1415,.148,.079,2.3,-.6,11.9,6.2,9.3
https://www.boxscoregeeks.com/players/877-sharrod-ford,Sharrod Ford,4.0,3,13,-.164,-.318,-.1,-13.0,14.8,11.1,0
https://www.boxscoregeeks.com/players/739-shareef-abdur-rahim,Shareef Abdur-Rahim,4.4,72,1961,.256,.101,4.1,.1,21.7,8.7,3.6
https://www.boxscoregeeks.com/players/565-shaquille-o-neal,Shaquille O'Neal,5.0,59,1662,.350,.196,6.8,3.0,34.1,15.6,3.3
https://www.boxscoregeeks.com/players/358-shane-battier,Shane Battier,3.4,81,2669,.325,.225,12.5,3.9,14.7,7.7,2.4
https://www.boxscoregeeks.com/players/854-shandon-anderson,Shandon Anderson,2.5,48,630,.101,.033,.4,-2.1,9.6,6.2,2.3
https://www.boxscoregeeks.com/players/879-sergei-monia,Sergei Monia,3.0,26,343,.044,-.024,-.2,-3.8,10.8,7.3,2.7
https://www.boxscoregeeks.com/players/449-sebastian-telfair,Sebastian Telfair,1.0,68,1562,.053,-.016,-.5,-3.6,19.8,3.7,7.6
https://www.boxscoregeeks.com/players/555-sean-may,Sean May,4.0,23,398,.155,.001,.0,-3.1,22.8,13.1,2.7
https://www.boxscoregeeks.com/players/408-sean-marks,Sean Marks,4.0,25,181,.282,.128,.5,.9,21.5,11.4,1.9
https://www.boxscoregeeks.com/players/769-scott-padgett,Scott Padgett,4.0,62,635,.292,.138,1.8,1.2,15.9,12.5,3.1
https://www.boxscoregeeks.com/players/695-scot-pollard,Scot Pollard,5.0,45,757,.340,.186,2.9,2.7,10.7,13.8,1.5
https://www.boxscoregeeks.com/players/454-sasha-vujacic,Sasha Vujacic,2.0,82,1335,.145,.077,2.1,-.7,11.5,5.7,5.0
https://www.boxscoregeeks.com/players/425-sasha-pavlovic,Sasha Pavlovic,2.4,53,806,.043,-.025,-.4,-3.9,14.3,4.8,1.5
https://www.boxscoregeeks.com/players/765-sarunas-jasikevicius,Sarunas Jasikevicius,1.6,75,1406,.189,.121,3.5,.7,18.7,5.2,7.7
https://www.boxscoregeeks.com/players/374-samuel-dalembert,Samuel Dalembert,5.0,66,1615,.341,.186,6.3,2.7,14.4,16.1,.7
https://www.boxscoregeeks.com/players/836-samaki-walker,Samaki Walker,4.0,7,22,-.184,-.338,-.2,-13.6,4.4,6.6,0
https://www.boxscoregeeks.com/players/694-sam-cassell,Sam Cassell,1.0,78,2518,.186,.117,6.1,.5,25.6,5.5,9.4
https://www.boxscoregeeks.com/players/692-salim-stoudamire,Salim Stoudamire,1.0,61,1135,.037,-.032,-.8,-4.1,24.9,4.9,3.2
https://www.boxscoregeeks.com/players/126-ryan-gomes,Ryan Gomes,3.9,61,1375,.285,.139,4.0,1.2,16.1,10.4,2.0
https://www.boxscoregeeks.com/players/579-ryan-bowen,Ryan Bowen,3.5,68,566,.074,-.034,-.4,-4.1,7.5,7.5,2.0
https://www.boxscoregeeks.com/players/715-ruben-patterson,Ruben Patterson,2.5,71,1685,.164,.096,3.4,-.1,24.4,6.9,3.6
https://www.boxscoregeeks.com/players/231-royal-ivey,Royal Ivey,1.5,73,900,.050,-.019,-.4,-3.7,13.9,5.1,3.9
https://www.boxscoregeeks.com/players/223-ronny-turiaf,Ronny Turiaf,5.0,23,161,.252,.098,.3,.0,13.4,11.0,2.4
https://www.boxscoregeeks.com/players/336-ronnie-price,Ronnie Price,1.7,29,119,.020,-.049,-.1,-4.6,24.2,6.1,4.4
https://www.boxscoregeeks.com/players/589-ronald-murray,Ronald Murray,2.2,76,1928,.024,-.044,-1.8,-4.4,21.2,3.8,4.9
https://www.boxscoregeeks.com/players/381-ronald-dupree,Ronald Dupree,4.0,36,258,.167,.015,.1,-2.6,14.9,9.1,2.6
https://www.boxscoregeeks.com/players/133-ron-artest,Ron Artest,2.9,56,2207,.150,.082,3.8,-.5,21.4,6.2,4.4
https://www.boxscoregeeks.com/players/886-robert-whaley,Robert Whaley,4.0,23,211,.085,-.069,-.3,-5.2,11.2,9.8,3.9
https://www.boxscoregeeks.com/players/662-robert-swift,Robert Swift,5.0,47,879,.252,.097,1.8,.0,16.4,14.4,.4
https://www.boxscoregeeks.com/players/741-robert-horry,Robert Horry,4.0,63,1063,.319,.165,3.7,2.1,14.5,10.9,3.6
https://www.boxscoregeeks.com/players/535-ricky-davis,Ricky Davis,2.5,78,2978,.134,.067,4.1,-1.0,24.4,5.7,6.4
https://www.boxscoregeeks.com/players/833-rick-brunson,Rick Brunson,1.0,27,247,.048,-.021,-.1,-3.7,10.5,4.3,6.8
https://www.boxscoregeeks.com/players/713-richie-frahm,Richie Frahm,1.4,33,325,.112,.043,.3,-1.7,16.0,4.9,3.1
https://www.boxscoregeeks.com/players/307-richard-jefferson,Richard Jefferson,3.0,78,3016,.304,.236,14.8,4.3,24.2,8.5,4.7
https://www.boxscoregeeks.com/players/79-richard-hamilton,Richard Hamilton,2.0,80,2625,.120,.053,2.9,-1.4,29.4,4.7,5.0
https://www.boxscoregeeks.com/players/320-reggie-evans,Reggie Evans,4.0,67,1363,.329,.175,5.0,2.4,13.3,17.7,1.3
https://www.boxscoregeeks.com/players/857-reece-gaines,Reece Gaines,2.0,12,32,.013,-.054,.0,-4.8,19.2,0,4.4
https://www.boxscoregeeks.com/players/68-raymond-felton,Raymond Felton,1.4,80,2199,.152,.083,3.8,-.5,20.7,5.8,9.7
https://www.boxscoregeeks.com/players/10-ray-allen,Ray Allen,1.9,78,2928,.214,.146,8.9,1.5,32.1,5.4,4.7
https://www.boxscoregeeks.com/players/772-rawle-marshall,Rawle Marshall,3.0,23,241,.126,.059,.3,-1.3,14.1,6.2,2.0
https://www.boxscoregeeks.com/players/363-rasual-butler,Rasual Butler,2.5,79,1772,.101,.034,1.2,-2.0,18.6,6.3,1.1
https://www.boxscoregeeks.com/players/599-rasho-nesterovic,Rasho Nesterovic,5.0,80,1414,.261,.107,3.1,.2,12.3,10.5,1.1
https://www.boxscoregeeks.com/players/577-rasheed-wallace,Rasheed Wallace,4.5,80,2592,.255,.101,5.5,.1,22.4,10.1,3.4
https://www.boxscoregeeks.com/players/342-rashard-lewis,Rashard Lewis,3.4,78,2642,.240,.135,7.4,1.1,28.5,7.1,3.3
https://www.boxscoregeeks.com/players/654-rashad-mccants,Rashad McCants,1.7,79,1312,.074,.005,.1,-2.9,22.9,5.2,2.3
https://www.boxscoregeeks.com/players/797-randy-livingston,Randy Livingston,1.0,5,22,-.021,-.090,.0,-5.9,0,8.6,2.2
https://www.boxscoregeeks.com/players/848-randy-holcomb,Randy Holcomb,4.0,4,2,.718,.564,.0,14.4,41.4,20.7,0
https://www.boxscoregeeks.com/players/326-raja-bell,Raja Bell,2.3,79,2775,.166,.098,5.7,.0,20.1,4.4,3.6
https://www.boxscoregeeks.com/players/561-rafer-alston,Rafer Alston,1.0,63,2209,.166,.097,4.5,-.1,16.5,5.5,9.2
https://www.boxscoregeeks.com/players/812-rafael-araujo,Rafael Araujo,5.0,52,552,.034,-.120,-1.4,-6.8,10.5,12.5,1.3
https://www.boxscoregeeks.com/players/738-raef-lafrentz,Raef LaFrentz,4.5,82,1939,.222,.068,2.8,-1.0,15.8,10.1,2.8
https://www.boxscoregeeks.com/players/868-qyntel-woods,Qyntel Woods,3.0,49,987,.227,.159,3.3,1.9,16.0,9.2,2.3
https://www.boxscoregeeks.com/players/437-quinton-ross,Quinton Ross,3.0,67,1422,.119,.051,1.5,-1.5,10.7,5.7,2.7
https://www.boxscoregeeks.com/players/247-quentin-richardson,Quentin Richardson,2.5,55,1324,.103,.035,1.0,-2.0,16.3,8.3,3.2
https://www.boxscoregeeks.com/players/543-primoz-brezec,Primoz Brezec,5.0,79,1965,.212,.058,2.4,-1.3,24.0,10.7,1.1
https://www.boxscoregeeks.com/players/447-peja-stojakovic,Peja Stojakovic,2.8,71,2504,.222,.154,8.0,1.7,24.7,8.0,2.6
https://www.boxscoregeeks.com/players/820-pavel-podkolzin,Pavel Podkolzin,5.0,1,18,.129,-.025,.0,-3.9,8.0,18.6,0
https://www.boxscoregeeks.com/players/15-paul-pierce,Paul Pierce,2.5,79,2880,.263,.195,11.7,3.0,35.3,8.8,6.2
https://www.boxscoregeeks.com/players/142-pau-gasol,Pau Gasol,4.5,80,2931,.347,.193,11.8,2.9,26.7,11.7,6.1
https://www.boxscoregeeks.com/players/733-pat-garrity,Pat Garrity,3.0,57,881,.117,.049,.9,-1.6,15.4,5.9,2.1
https://www.boxscoregeeks.com/players/801-pat-burke,Pat Burke,5.0,42,342,.038,-.116,-.8,-6.7,19.8,10.3,2.2
https://www.boxscoregeeks.com/players/810-pape-sow,Pape Sow,4.5,42,589,.175,.021,.3,-2.4,12.0,11.9,.7
https://www.boxscoregeeks.com/players/693-p-j-brown,P.J. Brown,5.0,75,2207,.265,.110,5.1,.4,14.7,11.9,2.0
https://www.boxscoregeeks.com/players/697-othella-harrington,Othella Harrington,4.5,72,753,.107,-.047,-.7,-4.5,22.1,9.8,2.5
https://www.boxscoregeeks.com/players/391-orien-greene,Orien Greene,1.0,80,1171,.067,-.002,-.1,-3.1,10.4,5.9,5.3
https://www.boxscoregeeks.com/players/870-noel-felix,Noel Felix,3.0,12,82,-.230,-.298,-.5,-12.4,10.6,7.6,1.2
https://www.boxscoregeeks.com/players/862-nikoloz-tskitishvili,Nikoloz Tskitishvili,4.9,17,97,.021,-.134,-.3,-7.2,17.7,10.8,1.5
https://www.boxscoregeeks.com/players/883-nick-van-exel,Nick Van Exel,1.0,65,907,.091,.021,.4,-2.4,18.8,4.8,6.5
https://www.boxscoregeeks.com/players/226-nick-collison,Nick Collison,4.5,66,1357,.241,.087,2.5,-.4,17.4,13.0,2.6
https://www.boxscoregeeks.com/players/72-nene-hilario,Nene Hilario,5.0,1,3,-2.171,-2.325,-.1,-75.4,0,0,0
https://www.boxscoregeeks.com/players/404-nenad-krstic,Nenad Krstic,5.0,80,2340,.205,.051,2.5,-1.5,22.2,10.5,1.8
https://www.boxscoregeeks.com/players/418-nazr-mohammed,Nazr Mohammed,5.0,80,1342,.320,.166,4.6,2.1,17.6,14.9,1.4
https://www.boxscoregeeks.com/players/235-nate-robinson,Nate Robinson,1.5,72,1397,.064,-.005,-.1,-3.2,23.0,5.7,5.1
https://www.boxscoregeeks.com/players/426-morris-peterson,Morris Peterson,2.1,82,2992,.180,.112,7.0,.4,22.0,6.1,3.0
https://www.boxscoregeeks.com/players/835-moochie-norris,Moochie Norris,1.4,45,414,.105,.037,.3,-1.9,14.5,6.3,5.8
https://www.boxscoregeeks.com/players/93-monta-ellis,Monta Ellis,2.0,49,867,.097,.030,.5,-2.2,18.5,5.8,4.3
https://www.boxscoregeeks.com/players/132-mo-williams,Mo Williams,1.0,58,1452,.114,.045,1.4,-1.7,23.2,4.7,7.6
https://www.boxscoregeeks.com/players/885-milt-palacio,Milt Palacio,1.0,71,1253,.055,-.015,-.4,-3.5,16.9,5.1,7.3
https://www.boxscoregeeks.com/players/549-mikki-moore,Mikki Moore,4.5,47,567,.119,-.035,-.4,-4.2,13.0,11.0,2.3
https://www.boxscoregeeks.com/players/581-mike-wilks,Mike Wilks,1.0,47,259,-.042,-.112,-.6,-6.6,16.0,7.2,5.9
https://www.boxscoregeeks.com/players/747-mike-sweetney,Mike Sweetney,4.5,66,1107,.197,.043,1.0,-1.7,23.1,15.2,2.6
https://www.boxscoregeeks.com/players/165-mike-miller,Mike Miller,2.5,74,2097,.276,.208,9.1,3.4,23.2,9.1,4.6
https://www.boxscoregeeks.com/players/552-mike-james,Mike James,1.0,79,2796,.203,.134,7.8,1.1,27.5,4.5,7.9
https://www.boxscoregeeks.com/players/1861-mike-dunleavy,Mike Dunleavy,2.5,81,2421,.176,.108,5.4,.3,18.5,7.9,4.7
https://www.boxscoregeeks.com/players/380-mike-dunleavy,Mike Dunleavy,3.7,81,2578,.172,.040,2.2,-1.8,17.4,7.4,4.4
https://www.boxscoregeeks.com/players/359-mike-bibby,Mike Bibby,1.0,82,2983,.165,.096,6.0,-.1,27.8,3.9,7.1
https://www.boxscoregeeks.com/players/270-mickael-pietrus,Mickael Pietrus,2.5,52,1150,.062,-.005,-.1,-3.2,20.1,6.8,1.8
https://www.boxscoregeeks.com/players/666-michael-ruffin,Michael Ruffin,4.6,76,913,.322,.168,3.2,2.1,5.5,14.2,1.4
https://www.boxscoregeeks.com/players/435-michael-redd,Michael Redd,2.4,80,2893,.206,.139,8.4,1.2,33.6,5.7,3.8
https://www.boxscoregeeks.com/players/753-michael-olowokandi,Michael Olowokandi,5.0,48,857,.149,-.005,-.1,-3.2,13.3,12.3,1.3
https://www.boxscoregeeks.com/players/575-michael-finley,Michael Finley,2.8,77,1910,.169,.102,4.0,.1,19.6,6.2,2.9
https://www.boxscoregeeks.com/players/726-michael-doleac,Michael Doleac,5.0,31,364,.196,.042,.3,-1.8,12.9,11.2,1.1
https://www.boxscoregeeks.com/players/874-michael-bradley,Michael Bradley,4.0,46,335,.219,.064,.5,-1.1,9.6,15.3,2.4
https://www.boxscoregeeks.com/players/881-melvin-sanders,Melvin Sanders,2.5,16,113,.150,.082,.2,-.5,17.4,9.8,1.3
https://www.boxscoregeeks.com/players/383-melvin-ely,Melvin Ely,4.0,57,1348,.198,.043,1.2,-1.7,19.9,9.9,2.7
https://www.boxscoregeeks.com/players/335-mehmet-okur,Mehmet Okur,4.5,82,2765,.282,.128,7.4,.9,25.6,12.9,3.4
https://www.boxscoregeeks.com/players/806-maurice-taylor,Maurice Taylor,4.0,67,1105,.041,-.113,-2.6,-6.6,18.3,9.9,2.3
https://www.boxscoregeeks.com/players/384-maurice-evans,Maurice Evans,2.5,80,1072,.224,.156,3.5,1.8,18.0,7.3,2.7
https://www.boxscoregeeks.com/players/856-matt-walsh,Matt Walsh,2.5,2,3,-.417,-.485,.0,-18.2,28.5,0,0
https://www.boxscoregeeks.com/players/677-matt-harpring,Matt Harpring,2.5,71,1807,.221,.154,5.8,1.7,23.5,9.8,2.6
https://www.boxscoregeeks.com/players/19-matt-carroll,Matt Carroll,2.5,78,1195,.135,.067,1.7,-1.0,23.9,6.3,1.4
https://www.boxscoregeeks.com/players/301-matt-bonner,Matt Bonner,4.5,78,1609,.244,.089,3.0,-.3,17.4,8.5,1.7
https://www.boxscoregeeks.com/players/134-matt-barnes,Matt Barnes,3.8,56,589,.184,.043,.5,-1.7,14.3,9.9,2.3
https://www.boxscoregeeks.com/players/869-mateen-cleaves,Mateen Cleaves,1.0,27,230,-.037,-.106,-.5,-6.4,15.2,2.9,8.8
https://www.boxscoregeeks.com/players/9-marvin-williams,Marvin Williams,3.0,79,1801,.178,.110,4.1,.3,17.9,10.2,1.7
https://www.boxscoregeeks.com/players/818-martynas-andriuskevicius,Martynas Andriuskevicius,5.0,6,9,.618,.464,.1,11.4,0,20.5,0
https://www.boxscoregeeks.com/players/191-martell-webster,Martell Webster,3.0,61,1058,.104,.036,.8,-2.0,18.3,5.9,1.5
https://www.boxscoregeeks.com/players/377-marquis-daniels,Marquis Daniels,2.5,62,1766,.207,.139,5.1,1.3,17.2,6.1,4.7
https://www.boxscoregeeks.com/players/616-marko-jaric,Marko Jaric,2.5,75,1912,.169,.101,4.0,.1,14.7,5.8,7.4
https://www.boxscoregeeks.com/players/653-mark-madsen,Mark Madsen,5.0,62,633,.203,.049,.6,-1.6,5.6,10.7,.8
https://www.boxscoregeeks.com/players/618-mark-blount,Mark Blount,4.8,81,2071,.122,-.032,-1.4,-4.1,21.2,8.5,2.3
https://www.boxscoregeeks.com/players/872-mario-kasun,Mario Kasun,5.0,28,209,.046,-.108,-.5,-6.4,18.4,13.8,.7
https://www.boxscoregeeks.com/players/937-marcus-fizer,Marcus Fizer,4.0,3,39,.100,-.055,.0,-4.8,24.6,8.6,1.2
https://www.boxscoregeeks.com/players/277-marcus-camby,Marcus Camby,4.9,56,1857,.406,.252,9.7,4.7,18.5,17.3,3.0
https://www.boxscoregeeks.com/players/355-marcus-banks,Marcus Banks,1.0,58,1466,.132,.063,1.9,-1.1,18.9,4.4,7.2
https://www.boxscoregeeks.com/players/863-marc-jackson,Marc Jackson,4.8,64,994,.146,-.008,-.2,-3.3,20.0,10.5,2.1
https://www.boxscoregeeks.com/players/304-manu-ginobili,Manu Ginobili,2.0,65,1664,.331,.264,9.1,5.1,28.3,6.6,6.8
https://www.boxscoregeeks.com/players/658-malik-rose,Malik Rose,3.4,72,1095,.164,.064,1.5,-1.1,13.9,11.4,2.9
https://www.boxscoregeeks.com/players/352-malik-allen,Malik Allen,4.0,54,684,.157,.003,.0,-3.0,18.7,9.8,1.4
https://www.boxscoregeeks.com/players/834-maciej-lampe,Maciej Lampe,4.0,6,28,-.224,-.378,-.2,-14.8,6.9,15.6,3.5
https://www.boxscoregeeks.com/players/394-luther-head,Luther Head,1.5,80,2109,.175,.107,4.7,.2,16.1,6.1,4.9
https://www.boxscoregeeks.com/players/34-luol-deng,Luol Deng,3.0,78,2432,.268,.200,10.1,3.1,21.9,10.2,2.9
https://www.boxscoregeeks.com/players/145-luke-walton,Luke Walton,3.0,69,1261,.223,.156,4.1,1.8,13.1,9.4,5.9
https://www.boxscoregeeks.com/players/804-luke-schenscher,Luke Schenscher,5.0,20,149,.238,.084,.3,-.5,11.6,9.4,2.3
https://www.boxscoregeeks.com/players/189-luke-ridnour,Luke Ridnour,1.0,79,2384,.209,.139,6.9,1.3,18.3,4.7,11.1
https://www.boxscoregeeks.com/players/721-luke-jackson,Luke Jackson,3.0,36,259,.044,-.023,-.1,-3.8,17.8,7.4,4.6
https://www.boxscoregeeks.com/players/497-louis-williams,Louis Williams,1.5,30,139,-.015,-.083,-.2,-5.7,19.3,6.5,3.4
https://www.boxscoregeeks.com/players/632-lorenzen-wright,Lorenzen Wright,5.0,78,1591,.271,.117,3.9,.6,13.7,11.9,1.4
https://www.boxscoregeeks.com/players/707-loren-woods,Loren Woods,5.0,27,321,.346,.192,1.3,2.9,9.3,16.5,.6
https://www.boxscoregeeks.com/players/832-lonny-baxter,Lonny Baxter,4.0,41,318,.300,.145,1.0,1.4,17.8,17.7,.6
https://www.boxscoregeeks.com/players/625-linton-johnson,Linton Johnson,3.0,36,524,.173,.105,1.1,.2,14.0,11.2,1.3
https://www.boxscoregeeks.com/players/594-lindsey-hunter,Lindsey Hunter,1.0,30,353,.120,.051,.4,-1.5,11.8,5.4,8.4
https://www.boxscoregeeks.com/players/323-linas-kleiza,Linas Kleiza,2.5,61,499,.165,.098,1.0,.0,20.5,11.1,1.4
https://www.boxscoregeeks.com/players/876-lee-nailon,Lee Nailon,4.0,22,237,.182,.028,.1,-2.2,18.8,8.5,1.4
https://www.boxscoregeeks.com/players/313-leandro-barbosa,Leandro Barbosa,1.7,57,1573,.161,.093,3.0,-.2,22.7,4.6,4.8
https://www.boxscoregeeks.com/players/163-lebron-james,LeBron James,3.0,79,3144,.315,.246,16.1,4.6,37.8,8.5,8.0
https://www.boxscoregeeks.com/players/780-lawrence-roberts,Lawrence Roberts,4.0,33,169,.323,.169,.6,2.2,14.5,13.9,1.4
https://www.boxscoregeeks.com/players/523-larry-hughes,Larry Hughes,2.0,36,1281,.103,.035,.9,-2.0,20.9,6.0,4.9
https://www.boxscoregeeks.com/players/852-laron-profit,Laron Profit,2.6,25,279,.147,.080,.5,-.6,17.9,7.4,2.6
https://www.boxscoregeeks.com/players/864-lamond-murray,Lamond Murray,3.8,57,496,.204,.067,.7,-1.0,19.0,12.8,1.3
https://www.boxscoregeeks.com/players/144-lamar-odom,Lamar Odom,3.8,80,2986,.335,.202,12.6,3.2,19.1,11.9,7.1
https://www.boxscoregeeks.com/players/36-kyle-korver,Kyle Korver,2.7,82,2420,.152,.084,4.2,-.5,18.6,5.4,3.2
https://www.boxscoregeeks.com/players/361-kwame-brown,Kwame Brown,5.0,72,1782,.291,.137,5.1,1.2,14.4,12.7,1.9
https://www.boxscoregeeks.com/players/451-kurt-thomas,Kurt Thomas,5.0,53,1262,.274,.120,3.2,.7,17.3,15.8,2.2
https://www.boxscoregeeks.com/players/399-kris-humphries,Kris Humphries,4.0,62,616,.133,-.021,-.3,-3.7,14.6,12.2,2.3
https://www.boxscoregeeks.com/players/137-kobe-bryant,Kobe Bryant,1.7,80,3023,.203,.135,8.5,1.1,45.0,6.7,5.7
https://www.boxscoregeeks.com/players/704-kirk-snyder,Kirk Snyder,2.5,68,1190,.171,.103,2.6,.1,21.9,6.5,4.1
https://www.boxscoregeeks.com/players/1-kirk-hinrich,Kirk Hinrich,1.6,81,2754,.204,.136,7.8,1.2,22.4,5.0,9.0
https://www.boxscoregeeks.com/players/171-keyon-dooling,Keyon Dooling,2.0,50,1133,.054,-.013,-.3,-3.5,19.9,3.3,4.6
https://www.boxscoregeeks.com/players/580-kevin-ollie,Kevin Ollie,1.0,70,1039,.124,.055,1.2,-1.4,8.9,4.5,4.7
https://www.boxscoregeeks.com/players/106-kevin-martin,Kevin Martin,2.0,72,1772,.248,.180,6.6,2.5,21.1,7.1,2.6
https://www.boxscoregeeks.com/players/12-kevin-garnett,Kevin Garnett,4.0,76,2758,.499,.344,19.8,7.6,28.8,16.8,5.4
https://www.boxscoregeeks.com/players/846-kevin-burleson,Kevin Burleson,1.5,39,274,-.060,-.129,-.7,-7.1,12.3,4.6,8.4
https://www.boxscoregeeks.com/players/410-kenyon-martin,Kenyon Martin,4.0,56,1439,.235,.080,2.4,-.6,24.0,11.8,2.6
https://www.boxscoregeeks.com/players/556-kenny-thomas,Kenny Thomas,4.0,82,2131,.334,.180,8.0,2.5,16.8,13.9,3.8
https://www.boxscoregeeks.com/players/234-kendrick-perkins,Kendrick Perkins,5.0,68,1211,.338,.184,4.6,2.6,14.0,16.0,2.7
https://www.boxscoregeeks.com/players/794-kelvin-cato,Kelvin Cato,5.0,27,289,.134,-.020,-.1,-3.7,16.3,11.6,.7
https://www.boxscoregeeks.com/players/821-keith-van-horn,Keith Van Horn,3.6,53,1009,.155,.031,.7,-2.1,22.5,9.1,1.8
https://www.boxscoregeeks.com/players/767-keith-mcleod,Keith McLeod,1.0,66,1147,.026,-.043,-1.0,-4.4,15.5,3.3,6.3
https://www.boxscoregeeks.com/players/31-keith-bogans,Keith Bogans,2.8,72,1770,.142,.074,2.7,-.8,16.9,6.9,3.5
https://www.boxscoregeeks.com/players/536-kareem-rush,Kareem Rush,2.0,47,1111,-.009,-.077,-1.8,-5.5,20.5,4.4,2.2
https://www.boxscoregeeks.com/players/397-juwan-howard,Juwan Howard,4.4,80,2355,.173,.019,.9,-2.5,19.2,10.9,2.3
https://www.boxscoregeeks.com/players/790-justin-reed,Justin Reed,3.7,72,995,.021,-.108,-2.2,-6.4,15.7,6.0,2.0
https://www.boxscoregeeks.com/players/802-jumaine-jones,Jumaine Jones,3.1,76,1915,.161,.084,3.3,-.5,20.0,9.4,1.6
https://www.boxscoregeeks.com/players/761-julius-hodge,Julius Hodge,2.0,14,31,-.215,-.283,-.2,-11.9,19.9,10.7,9.2
https://www.boxscoregeeks.com/players/679-juan-dixon,Juan Dixon,1.5,76,1809,.047,-.021,-.8,-3.7,24.8,4.7,4.0
https://www.boxscoregeeks.com/players/6-josh-smith,Josh Smith,3.7,80,2371,.241,.111,5.5,.4,18.3,10.7,3.9
https://www.boxscoregeeks.com/players/428-josh-powell,Josh Powell,4.6,37,418,.182,.028,.2,-2.2,12.6,9.3,1.0
https://www.boxscoregeeks.com/players/396-josh-howard,Josh Howard,2.6,59,1748,.272,.204,7.4,3.3,25.3,10.2,3.0
https://www.boxscoregeeks.com/players/515-josh-davis,Josh Davis,4.3,6,17,.110,-.044,.0,-4.5,17.1,11.4,2.8
https://www.boxscoregeeks.com/players/262-josh-childress,Josh Childress,1.6,74,2070,.329,.261,11.3,5.0,17.2,9.0,3.0
https://www.boxscoregeeks.com/players/316-jose-calderon,Jose Calderon,1.7,64,1411,.171,.102,3.0,.1,11.9,4.8,9.8
https://www.boxscoregeeks.com/players/537-jonathan-bender,Jonathan Bender,4.0,2,21,.576,.422,.2,10.1,23.2,9.3,4.6
https://www.boxscoregeeks.com/players/831-jon-barry,Jon Barry,2.0,20,336,.143,.076,.5,-.7,12.3,4.4,3.7
https://www.boxscoregeeks.com/players/845-john-thomas,John Thomas,4.0,16,127,.110,-.044,-.1,-4.4,5.7,7.5,.8
https://www.boxscoregeeks.com/players/178-john-salmons,John Salmons,2.5,82,1934,.113,.045,1.8,-1.7,15.4,5.5,5.5
https://www.boxscoregeeks.com/players/37-john-lucas,John Lucas,1.0,13,61,-.067,-.137,-.2,-7.3,23.6,3.9,9.4
https://www.boxscoregeeks.com/players/842-john-edwards,John Edwards,5.0,40,277,.046,-.108,-.6,-6.4,12.1,8.3,.9
https://www.boxscoregeeks.com/players/199-johan-petro,Johan Petro,5.0,68,1183,.179,.025,.6,-2.3,14.3,12.0,.6
https://www.boxscoregeeks.com/players/47-joey-graham,Joey Graham,3.0,80,1498,.110,.042,1.3,-1.8,17.1,7.8,1.9
https://www.boxscoregeeks.com/players/430-joel-przybilla,Joel Przybilla,5.0,56,1317,.376,.222,6.1,3.8,12.5,14.3,1.6
https://www.boxscoregeeks.com/players/443-joe-smith,Joe Smith,4.0,44,887,.253,.099,1.8,.0,20.5,12.4,1.7
https://www.boxscoregeeks.com/players/3-joe-johnson,Joe Johnson,2.4,82,3108,.173,.105,6.8,.2,25.5,5.2,8.3
https://www.boxscoregeeks.com/players/861-jiri-welsch,Jiri Welsch,2.5,58,745,.137,.069,1.1,-.9,16.2,7.2,4.0
https://www.boxscoregeeks.com/players/851-jim-jackson,Jim Jackson,3.0,40,512,-.076,-.144,-1.5,-7.5,11.3,7.1,3.3
https://www.boxscoregeeks.com/players/445-jerry-stackhouse,Jerry Stackhouse,2.5,55,1410,.077,.009,.3,-2.8,24.3,5.2,5.4
https://www.boxscoregeeks.com/players/657-jerome-james,Jerome James,5.0,44,377,-.024,-.178,-1.4,-8.6,17.4,11.6,1.5
https://www.boxscoregeeks.com/players/14-jermaine-o-neal,Jermaine O'Neal,5.0,51,1652,.258,.104,3.6,.2,29.8,13.8,3.9
https://www.boxscoregeeks.com/players/858-jermaine-jackson,Jermaine Jackson,2.0,30,162,.211,.143,.5,1.4,10.4,8.0,7.4
https://www.boxscoregeeks.com/players/698-jeff-mcinnis,Jeff McInnis,1.0,28,466,.092,.022,.2,-2.4,15.4,5.2,5.4
https://www.boxscoregeeks.com/players/387-jeff-foster,Jeff Foster,4.2,63,1425,.502,.348,10.3,7.7,12.5,19.3,1.7
https://www.boxscoregeeks.com/players/460-jason-williams,Jason Williams,1.0,59,1751,.198,.129,4.7,.9,20.0,3.8,7.9
https://www.boxscoregeeks.com/players/64-jason-terry,Jason Terry,1.2,80,2626,.208,.139,7.6,1.2,25.1,2.9,5.6
https://www.boxscoregeeks.com/players/436-jason-richardson,Jason Richardson,2.5,75,2724,.190,.122,6.9,.7,30.7,7.7,4.1
https://www.boxscoregeeks.com/players/81-jason-maxiell,Jason Maxiell,4.0,26,154,-.008,-.162,-.5,-8.1,18.7,8.7,.9
https://www.boxscoregeeks.com/players/60-jason-kidd,Jason Kidd,1.2,80,2794,.390,.321,18.7,6.9,18.3,10.0,11.5
https://www.boxscoregeeks.com/players/402-jason-kapono,Jason Kapono,3.0,51,645,.090,.022,.3,-2.4,15.4,5.3,2.8
https://www.boxscoregeeks.com/players/557-jason-hart,Jason Hart,1.0,66,712,.021,-.048,-.7,-4.6,14.7,4.8,4.7
https://www.boxscoregeeks.com/players/371-jason-collins,Jason Collins,4.5,71,1754,.179,.025,.9,-2.3,7.0,9.4,1.9
https://www.boxscoregeeks.com/players/564-jarvis-hayes,Jarvis Hayes,3.0,21,516,.138,.070,.8,-.9,18.2,7.1,2.5
https://www.boxscoregeeks.com/players/370-jarron-collins,Jarron Collins,5.0,79,1616,.250,.096,3.2,-.1,12.3,9.9,2.9
https://www.boxscoregeeks.com/players/209-jarrett-jack,Jarrett Jack,1.7,79,1512,.117,.049,1.5,-1.6,16.7,5.1,7.0
https://www.boxscoregeeks.com/players/400-jared-jeffries,Jared Jeffries,4.0,77,1805,.251,.099,3.7,.0,13.0,10.1,3.9
https://www.boxscoregeeks.com/players/39-jannero-pargo,Jannero Pargo,1.0,57,626,-.009,-.079,-1.0,-5.5,21.0,4.7,7.2
https://www.boxscoregeeks.com/players/849-james-thomas,James Thomas,4.0,22,150,.131,-.023,-.1,-3.8,8.9,12.5,.3
https://www.boxscoregeeks.com/players/553-james-singleton,James Singleton,3.3,59,698,.357,.263,3.8,5.1,14.0,13.6,2.0
https://www.boxscoregeeks.com/players/118-james-posey,James Posey,3.0,67,1755,.225,.158,5.8,1.8,13.2,8.7,2.4
https://www.boxscoregeeks.com/players/164-james-jones,James Jones,3.0,75,1657,.181,.113,3.9,.4,20.2,7.3,1.7
https://www.boxscoregeeks.com/players/244-jameer-nelson,Jameer Nelson,1.0,62,1588,.210,.140,4.6,1.3,27.4,5.4,9.1
https://www.boxscoregeeks.com/players/762-jamal-sampson,Jamal Sampson,4.5,12,23,1.152,.998,.5,28.0,20.7,37.2,10.3
https://www.boxscoregeeks.com/players/373-jamal-crawford,Jamal Crawford,1.8,79,2374,.169,.101,5.0,.0,22.8,5.0,6.1
https://www.boxscoregeeks.com/players/507-jamaal-tinsley,Jamaal Tinsley,1.0,42,1122,.102,.033,.8,-2.0,16.7,5.7,9.0
https://www.boxscoregeeks.com/players/407-jamaal-magloire,Jamaal Magloire,5.0,82,2279,.236,.082,3.9,-.5,15.8,16.4,1.2
https://www.boxscoregeeks.com/players/803-jalen-rose,Jalen Rose,2.9,72,1878,.101,.034,1.3,-2.0,22.7,5.4,4.6
https://www.boxscoregeeks.com/players/675-jake-voskuhl,Jake Voskuhl,5.0,51,818,.136,-.018,-.3,-3.6,15.9,10.7,2.3
https://www.boxscoregeeks.com/players/771-jake-tsakalidis,Jake Tsakalidis,5.0,51,732,.397,.243,3.7,4.5,16.8,13.9,.9
https://www.boxscoregeeks.com/players/673-jacque-vaughn,Jacque Vaughn,1.0,80,1084,.111,.041,.9,-1.8,12.1,4.0,5.4
https://www.boxscoregeeks.com/players/953-jackson-vroman,Jackson Vroman,4.8,41,374,.125,-.029,-.2,-4.0,9.4,11.1,1.4
https://www.boxscoregeeks.com/players/808-jackie-butler,Jackie Butler,4.5,55,739,.240,.086,1.3,-.4,19.0,11.9,1.6
https://www.boxscoregeeks.com/players/574-j-r-smith,J.R. Smith,2.5,55,931,.093,.025,.5,-2.3,21.8,5.7,3.0
https://www.boxscoregeeks.com/players/684-ira-newble,Ira Newble,2.0,36,283,.085,.017,.1,-2.5,8.1,9.5,1.5
https://www.boxscoregeeks.com/players/453-ime-udoka,Ime Udoka,2.5,8,114,.103,.036,.1,-2.0,9.2,7.1,2.5
https://www.boxscoregeeks.com/players/379-ike-diogu,Ike Diogu,4.4,69,956,.236,.082,1.6,-.5,24.4,11.5,1.5
https://www.boxscoregeeks.com/players/822-howard-eisley,Howard Eisley,1.0,32,394,.082,.013,.1,-2.7,12.3,4.0,8.4
https://www.boxscoregeeks.com/players/248-hedo-turkoglu,Hedo Turkoglu,3.5,78,2467,.220,.112,5.7,.4,22.7,6.5,4.2
https://www.boxscoregeeks.com/players/272-hakim-warrick,Hakim Warrick,4.0,68,648,.103,-.052,-.7,-4.7,20.6,10.7,2.2
https://www.boxscoregeeks.com/players/880-ha-seung-jin,Ha Seung-Jin,5.0,27,202,.152,-.002,.0,-3.1,10.5,11.6,.2
https://www.boxscoregeeks.com/players/884-greg-ostertag,Greg Ostertag,5.0,60,704,.340,.186,2.7,2.7,10.0,15.3,4.0
https://www.boxscoregeeks.com/players/613-greg-buckner,Greg Buckner,2.5,73,1691,.214,.147,5.2,1.5,13.9,5.9,3.6
https://www.boxscoregeeks.com/players/395-grant-hill,Grant Hill,3.0,21,575,.197,.129,1.5,.9,26.5,6.7,4.0
https://www.boxscoregeeks.com/players/735-gordan-giricek,Gordan Giricek,2.0,37,841,-.062,-.129,-2.3,-7.1,22.4,4.0,3.6
https://www.boxscoregeeks.com/players/240-gilbert-arenas,Gilbert Arenas,1.7,80,3146,.232,.163,10.7,2.0,35.8,4.3,7.4
https://www.boxscoregeeks.com/players/286-gerald-wallace,Gerald Wallace,4.0,55,1655,.449,.295,10.2,6.1,24.2,11.9,2.8
https://www.boxscoregeeks.com/players/633-gerald-green,Gerald Green,2.5,32,373,.100,.032,.2,-2.1,21.5,5.3,2.3
https://www.boxscoregeeks.com/players/855-gerald-fitch,Gerald Fitch,2.0,18,204,.001,-.067,-.3,-5.2,19.7,7.0,7.7
https://www.boxscoregeeks.com/players/782-gary-payton,Gary Payton,1.1,81,2186,.171,.102,4.7,.1,13.7,5.1,5.6
https://www.boxscoregeeks.com/players/645-fred-jones,Fred Jones,2.5,68,1664,.116,.048,1.7,-1.6,18.8,4.9,4.4
https://www.boxscoregeeks.com/players/291-francisco-garcia,Francisco Garcia,2.8,67,1153,.163,.095,2.3,-.1,15.7,7.7,3.9
https://www.boxscoregeeks.com/players/382-francisco-elson,Francisco Elson,5.0,72,1432,.262,.108,3.2,.3,11.8,11.4,1.6
https://www.boxscoregeeks.com/players/423-fabricio-oberto,Fabricio Oberto,4.0,59,477,.241,.087,.9,-.4,10.4,12.4,2.7
https://www.boxscoregeeks.com/players/450-etan-thomas,Etan Thomas,5.0,71,1047,.311,.157,3.4,1.8,15.4,12.8,.6
https://www.boxscoregeeks.com/players/748-esteban-batista,Esteban Batista,4.5,57,488,.171,.017,.2,-2.6,9.9,14.2,.7
https://www.boxscoregeeks.com/players/859-ervin-johnson,Ervin Johnson,5.0,18,74,.043,-.112,-.2,-6.5,9.7,15.5,1.3
https://www.boxscoregeeks.com/players/375-erick-dampier,Erick Dampier,5.0,82,1838,.375,.220,8.4,3.8,12.2,16.7,1.3
https://www.boxscoregeeks.com/players/758-eric-williams,Eric Williams,3.0,28,336,.052,-.016,-.1,-3.6,13.0,7.1,2.1
https://www.boxscoregeeks.com/players/685-eric-snow,Eric Snow,1.3,82,2181,.138,.069,3.1,-.9,8.6,4.4,7.6
https://www.boxscoregeeks.com/players/736-eric-piatkowski,Eric Piatkowski,3.0,29,228,.078,.010,.0,-2.8,12.4,4.8,2.7
https://www.boxscoregeeks.com/players/210-emeka-okafor,Emeka Okafor,5.0,26,839,.240,.086,1.5,-.4,19.7,14.9,1.8
https://www.boxscoregeeks.com/players/250-elton-brand,Elton Brand,4.3,79,3011,.398,.243,15.3,4.5,31.1,12.6,3.3
https://www.boxscoregeeks.com/players/26-eduardo-najera,Eduardo Najera,4.5,64,1304,.268,.114,3.1,.5,12.8,12.0,1.9
https://www.boxscoregeeks.com/players/538-eddy-curry,Eddy Curry,5.0,72,1687,.233,.079,2.8,-.6,27.9,12.3,.5
https://www.boxscoregeeks.com/players/688-eddie-jones,Eddie Jones,2.2,75,2285,.234,.166,7.9,2.1,18.6,5.9,3.7
https://www.boxscoregeeks.com/players/161-eddie-house,Eddie House,1.5,81,1345,.037,-.031,-.9,-4.0,28.4,4.7,5.3
https://www.boxscoregeeks.com/players/789-eddie-griffin,Eddie Griffin,5.0,70,1251,.280,.126,3.3,.8,12.3,14.9,1.5
https://www.boxscoregeeks.com/players/649-eddie-gill,Eddie Gill,1.0,41,107,.010,-.059,-.1,-4.9,20.1,6.7,5.4
https://www.boxscoregeeks.com/players/847-eddie-basden,Eddie Basden,2.0,19,132,.210,.142,.4,1.3,14.2,10.2,2.9
https://www.boxscoregeeks.com/players/456-earl-watson,Earl Watson,1.0,70,1420,.171,.102,3.0,.1,21.1,5.3,9.8
https://www.boxscoregeeks.com/players/360-earl-boykins,Earl Boykins,1.0,60,1385,.099,.029,.8,-2.2,26.2,2.8,8.0
https://www.boxscoregeeks.com/players/275-earl-barron,Earl Barron,4.5,8,45,-.275,-.429,-.4,-16.4,13.9,10.7,0
https://www.boxscoregeeks.com/players/167-dwyane-wade,Dwyane Wade,2.0,75,2696,.327,.259,14.6,5.0,36.3,7.7,9.0
https://www.boxscoregeeks.com/players/243-dwight-howard,Dwight Howard,5.0,82,2831,.382,.228,13.5,4.0,21.9,17.3,2.1
https://www.boxscoregeeks.com/players/571-dwayne-jones,Dwayne Jones,4.5,14,86,.323,.169,.3,2.2,7.8,17.2,1.1
https://www.boxscoregeeks.com/players/173-drew-gooden,Drew Gooden,4.6,79,2048,.368,.213,9.1,3.6,19.8,15.6,1.3
https://www.boxscoregeeks.com/players/773-doug-christie,Doug Christie,2.0,7,185,.139,.071,.3,-.9,6.7,3.4,3.6
https://www.boxscoregeeks.com/players/98-dorell-wright,Dorell Wright,3.0,20,132,.172,.104,.3,.2,21.1,11.6,2.9
https://www.boxscoregeeks.com/players/664-donyell-marshall,Donyell Marshall,4.0,81,1946,.241,.086,3.5,-.4,18.5,12.1,1.5
https://www.boxscoregeeks.com/players/844-donta-smith,Donta Smith,1.5,23,127,.200,.131,.3,1.0,14.4,5.3,3.4
https://www.boxscoregeeks.com/players/816-donell-taylor,Donell Taylor,2.0,51,418,.094,.026,.2,-2.3,16.1,6.1,5.2
https://www.boxscoregeeks.com/players/63-dirk-nowitzki,Dirk Nowitzki,4.0,81,2907,.372,.218,13.2,3.7,35.5,12.0,3.7
https://www.boxscoregeeks.com/players/642-dikembe-mutombo,Dikembe Mutombo,5.0,64,812,.478,.324,5.5,7.0,10.0,18.1,.2
https://www.boxscoregeeks.com/players/752-dijon-thompson,Dijon Thompson,3.0,10,42,.256,.188,.2,2.8,31.6,12.4,1.1
https://www.boxscoregeeks.com/players/567-didier-ilunga-mbenga,Didier Ilunga-Mbenga,5.0,43,220,.244,.089,.4,-.3,16.1,12.2,.4
https://www.boxscoregeeks.com/players/330-devin-harris,Devin Harris,1.0,56,1143,.198,.129,3.1,.9,23.3,5.3,7.4
https://www.boxscoregeeks.com/players/850-devin-green,Devin Green,2.0,27,135,.056,-.012,.0,-3.5,8.9,8.6,2.5
https://www.boxscoregeeks.com/players/593-devin-brown,Devin Brown,2.5,81,1650,.085,.017,.6,-2.5,17.8,6.0,3.0
https://www.boxscoregeeks.com/players/546-devean-george,Devean George,3.0,71,1430,.206,.139,4.1,1.2,15.0,9.2,2.3
https://www.boxscoregeeks.com/players/554-desmond-mason,Desmond Mason,2.7,70,1930,.034,-.034,-1.4,-4.1,18.8,7.4,1.6
https://www.boxscoregeeks.com/players/866-derrick-zimmerman,Derrick Zimmerman,1.0,2,32,.141,.072,.0,-.8,6.0,6.0,10.5
https://www.boxscoregeeks.com/players/202-deron-williams,Deron Williams,1.4,80,2198,.093,.025,1.1,-2.3,18.9,4.2,7.8
https://www.boxscoregeeks.com/players/141-derek-fisher,Derek Fisher,1.0,82,2480,.189,.120,6.2,.7,21.1,4.1,6.8
https://www.boxscoregeeks.com/players/696-derek-anderson,Derek Anderson,2.8,43,1047,.120,.052,1.1,-1.5,16.0,6.6,4.6
https://www.boxscoregeeks.com/players/742-dermarr-johnson,DerMarr Johnson,2.5,58,863,.126,.058,1.0,-1.3,19.7,5.3,3.1
https://www.boxscoregeeks.com/players/875-deng-gai,Deng Gai,4.0,2,5,.081,-.074,.0,-5.4,0,0,0
https://www.boxscoregeeks.com/players/17-delonte-west,Delonte West,1.1,71,2248,.260,.191,8.9,2.9,17.9,6.2,7.0
https://www.boxscoregeeks.com/players/492-deshawn-stevenson,DeShawn Stevenson,2.1,82,2477,.099,.031,1.6,-2.1,17.4,4.7,3.1
https://www.boxscoregeeks.com/players/22-desagana-diop,DeSagana Diop,5.0,81,1405,.371,.217,6.4,3.7,6.5,12.8,.8
https://www.boxscoregeeks.com/players/214-david-west,David West,4.0,74,2345,.279,.125,6.1,.8,25.8,11.2,1.9
https://www.boxscoregeeks.com/players/759-david-wesley,David Wesley,2.0,71,2154,.130,.062,2.8,-1.2,15.6,4.0,4.5
https://www.boxscoregeeks.com/players/94-david-lee,David Lee,4.2,67,981,.405,.251,5.1,4.7,16.9,14.8,2.1
https://www.boxscoregeeks.com/players/708-david-harrison,David Harrison,5.0,67,939,.182,.027,.5,-2.2,19.7,13.0,.7
https://www.boxscoregeeks.com/players/746-darrick-martin,Darrick Martin,1.0,40,322,.088,.019,.1,-2.5,15.2,3.0,8.5
https://www.boxscoregeeks.com/players/728-darrell-armstrong,Darrell Armstrong,1.0,62,606,.087,.018,.2,-2.5,10.3,6.4,6.8
https://www.boxscoregeeks.com/players/186-darko-milicic,Darko Milicic,4.5,55,760,.233,.079,1.2,-.6,16.8,9.5,2.6
https://www.boxscoregeeks.com/players/444-darius-songaila,Darius Songaila,4.5,62,1206,.179,.025,.6,-2.3,22.6,9.8,3.5
https://www.boxscoregeeks.com/players/617-darius-miles,Darius Miles,3.0,40,1285,.031,-.036,-1.0,-4.2,20.9,6.8,2.7
https://www.boxscoregeeks.com/players/114-danny-granger,Danny Granger,3.9,78,1590,.309,.161,5.3,1.9,17.7,11.6,2.7
https://www.boxscoregeeks.com/players/795-danny-fortson,Danny Fortson,4.0,23,275,.120,-.034,-.2,-4.1,15.2,13.6,.3
https://www.boxscoregeeks.com/players/774-daniel-ewing,Daniel Ewing,2.0,66,903,.060,-.007,-.1,-3.3,13.4,4.5,4.5
https://www.boxscoregeeks.com/players/388-dan-gadzuric,Dan Gadzuric,4.0,74,826,.290,.136,2.3,1.2,22.3,13.5,1.4
https://www.boxscoregeeks.com/players/712-dan-dickau,Dan Dickau,1.0,19,234,.130,.061,.3,-1.2,12.7,3.3,8.2
https://www.boxscoregeeks.com/players/719-damon-stoudamire,Damon Stoudamire,1.0,27,862,.156,.087,1.6,-.4,17.7,5.3,7.1
https://www.boxscoregeeks.com/players/650-damon-jones,Damon Jones,1.0,82,1956,.146,.076,3.1,-.7,13.5,3.3,4.1
https://www.boxscoregeeks.com/players/459-damien-wilkins,Damien Wilkins,2.5,82,1378,.159,.091,2.6,-.3,18.7,6.7,3.7
https://www.boxscoregeeks.com/players/764-dale-davis,Dale Davis,5.0,28,171,.321,.167,.6,2.1,7.3,14.9,1.7
https://www.boxscoregeeks.com/players/117-dahntay-jones,Dahntay Jones,2.5,71,918,.062,-.005,-.1,-3.2,14.7,5.4,2.0
https://www.boxscoregeeks.com/players/646-cuttino-mobley,Cuttino Mobley,2.1,79,2799,.143,.075,4.4,-.7,20.1,5.8,4.1
https://www.boxscoregeeks.com/players/807-corliss-williamson,Corliss Williamson,3.7,37,296,.045,-.082,-.5,-5.6,20.5,10.9,2.3
https://www.boxscoregeeks.com/players/176-corey-maggette,Corey Maggette,3.0,32,943,.183,.116,2.3,.5,29.0,8.6,3.4
https://www.boxscoregeeks.com/players/793-clifford-robinson,Clifford Robinson,4.2,80,1771,.155,.001,.0,-3.1,14.9,7.2,2.4
https://www.boxscoregeeks.com/players/542-chucky-atkins,Chucky Atkins,1.0,71,1695,.113,.044,1.5,-1.7,19.2,3.4,5.6
https://www.boxscoregeeks.com/players/393-chuck-hayes,Chuck Hayes,4.0,40,535,.490,.336,3.7,7.4,13.2,16.1,1.3
https://www.boxscoregeeks.com/players/458-chris-wilcox,Chris Wilcox,4.2,77,1455,.330,.176,5.3,2.4,20.7,13.5,1.7
https://www.boxscoregeeks.com/players/702-chris-webber,Chris Webber,4.5,75,2782,.168,.014,.8,-2.7,26.2,12.8,4.4
https://www.boxscoregeeks.com/players/830-chris-taft,Chris Taft,4.0,17,139,.359,.205,.6,3.3,16.3,12.5,.7
https://www.boxscoregeeks.com/players/211-chris-paul,Chris Paul,1.3,78,2677,.338,.269,15.0,5.3,22.6,7.2,11.0
https://www.boxscoregeeks.com/players/611-chris-mihm,Chris Mihm,5.0,59,1376,.275,.121,3.5,.7,21.1,13.0,2.1
https://www.boxscoregeeks.com/players/130-chris-kaman,Chris Kaman,5.0,78,2423,.303,.149,7.5,1.6,18.5,14.9,1.6
https://www.boxscoregeeks.com/players/242-chris-duhon,Chris Duhon,1.0,74,2034,.254,.185,7.8,2.7,15.3,5.2,8.8
https://www.boxscoregeeks.com/players/158-chris-bosh,Chris Bosh,4.7,70,2598,.332,.178,9.6,2.5,29.0,12.0,3.3
https://www.boxscoregeeks.com/players/66-chris-andersen,Chris Andersen,4.5,32,542,.344,.190,2.1,2.8,14.3,13.7,.5
https://www.boxscoregeeks.com/players/217-chauncey-billups,Chauncey Billups,1.1,81,2728,.348,.278,15.8,5.6,26.3,4.4,12.3
https://www.boxscoregeeks.com/players/85-charlie-villanueva,Charlie Villanueva,3.7,81,2291,.206,.076,3.6,-.7,22.1,10.9,1.8
https://www.boxscoregeeks.com/players/90-charlie-bell,Charlie Bell,2.0,59,1282,.199,.131,3.5,1.0,18.5,4.5,4.9
https://www.boxscoregeeks.com/players/825-charles-smith,Charles Smith,1.0,0,0,0,0,0,0,0,0,0
https://www.boxscoregeeks.com/players/2638-charles-smith,Charles Smith,2.0,22,210,.081,.013,.1,-2.7,18.3,3.7,2.1
https://www.boxscoregeeks.com/players/265-channing-frye,Channing Frye,4.5,65,1430,.232,.077,2.3,-.7,26.9,12.6,1.8
https://www.boxscoregeeks.com/players/362-caron-butler,Caron Butler,2.6,75,2482,.203,.135,7.0,1.1,25.5,9.0,3.6
https://www.boxscoregeeks.com/players/215-carmelo-anthony,Carmelo Anthony,3.3,80,2730,.157,.063,3.6,-1.1,37.3,6.9,3.8
https://www.boxscoregeeks.com/players/170-carlos-delfino,Carlos Delfino,2.5,68,676,.106,.038,.5,-1.9,17.5,8.0,3.1
https://www.boxscoregeeks.com/players/32-carlos-boozer,Carlos Boozer,4.0,33,1025,.341,.187,4.0,2.7,25.1,13.3,4.1
https://www.boxscoregeeks.com/players/354-carlos-arroyo,Carlos Arroyo,1.0,77,1156,.167,.098,2.4,.0,18.6,5.4,9.6
https://www.boxscoregeeks.com/players/652-calvin-booth,Calvin Booth,5.0,33,203,.230,.076,.3,-.7,10.9,12.3,2.8
https://www.boxscoregeeks.com/players/828-calbert-cheaney,Calbert Cheaney,3.0,42,448,.088,.021,.2,-2.4,9.9,6.5,2.0
https://www.boxscoregeeks.com/players/333-c-j-miles,C.J. Miles,2.5,23,203,.153,.086,.4,-.4,18.7,9.0,3.8
https://www.boxscoregeeks.com/players/824-bryon-russell,Bryon Russell,2.5,1,3,.711,.644,.0,16.9,0,18.8,18.8
https://www.boxscoregeeks.com/players/671-bruce-bowen,Bruce Bowen,3.1,82,2594,.214,.134,7.2,1.1,11.5,5.9,2.3
https://www.boxscoregeeks.com/players/440-brian-skinner,Brian Skinner,4.5,65,885,.274,.120,2.2,.7,10.4,12.4,1.6
https://www.boxscoregeeks.com/players/438-brian-scalabrine,Brian Scalabrine,4.4,71,892,.076,-.078,-1.4,-5.5,11.0,6.1,2.7
https://www.boxscoregeeks.com/players/878-brian-grant,Brian Grant,5.0,21,248,.077,-.077,-.4,-5.5,11.8,11.0,1.4
https://www.boxscoregeeks.com/players/124-brian-cook,Brian Cook,4.0,81,1466,.241,.087,2.6,-.4,21.0,9.0,2.4
https://www.boxscoregeeks.com/players/364-brian-cardinal,Brian Cardinal,4.0,36,387,.120,-.034,-.3,-4.1,15.4,6.8,4.1
https://www.boxscoregeeks.com/players/678-brevin-knight,Brevin Knight,1.0,69,2224,.233,.163,7.6,2.0,18.8,4.8,13.2
https://www.boxscoregeeks.com/players/641-brent-barry,Brent Barry,2.0,74,1221,.277,.209,5.3,3.4,16.9,6.3,4.8
https://www.boxscoregeeks.com/players/58-brendan-haywood,Brendan Haywood,5.0,79,1742,.306,.152,5.5,1.6,15.8,12.9,1.3
https://www.boxscoregeeks.com/players/241-brandon-bass,Brandon Bass,4.0,29,261,.180,.026,.1,-2.3,12.5,12.5,.6
https://www.boxscoregeeks.com/players/107-brad-miller,Brad Miller,5.0,79,2730,.315,.161,9.1,1.9,20.8,10.8,6.6
https://www.boxscoregeeks.com/players/791-bracey-wright,Bracey Wright,1.0,7,135,.087,.018,.0,-2.5,22.0,6.4,1.8
https://www.boxscoregeeks.com/players/729-bostjan-nachbar,Bostjan Nachbar,4.0,36,492,.011,-.139,-1.4,-7.4,15.3,5.8,2.6
https://www.boxscoregeeks.com/players/21-boris-diaw,Boris Diaw,4.4,81,2737,.314,.160,9.1,1.9,18.9,9.8,8.8
https://www.boxscoregeeks.com/players/705-bonzi-wells,Bonzi Wells,2.0,52,1684,.255,.187,6.6,2.7,20.2,11.4,4.1
https://www.boxscoregeeks.com/players/840-boniface-n-dong,Boniface N'Dong,5.0,22,131,.142,-.012,.0,-3.4,18.3,13.5,2.6
https://www.boxscoregeeks.com/players/439-bobby-simmons,Bobby Simmons,3.3,75,2350,.192,.100,4.9,.0,20.5,6.8,3.5
https://www.boxscoregeeks.com/players/668-bobby-jackson,Bobby Jackson,1.0,71,1607,.122,.053,1.8,-1.4,24.1,6.7,5.8
https://www.boxscoregeeks.com/players/734-bo-outlaw,Bo Outlaw,4.0,32,325,.319,.165,1.1,2.1,11.1,11.4,2.1
https://www.boxscoregeeks.com/players/686-billy-thomas,Billy Thomas,2.0,17,131,.115,.048,.1,-1.6,13.9,5.1,3.3
https://www.boxscoregeeks.com/players/757-bernard-robinson,Bernard Robinson,2.5,66,1129,.191,.123,2.9,.8,17.9,9.3,3.3
https://www.boxscoregeeks.com/players/297-beno-udrih,Beno Udrih,1.0,54,583,.118,.049,.6,-1.5,22.6,4.3,7.6
https://www.boxscoregeeks.com/players/86-ben-wallace,Ben Wallace,4.5,82,2701,.510,.356,20.0,8.0,10.6,16.4,2.8
https://www.boxscoregeeks.com/players/78-ben-gordon,Ben Gordon,2.2,80,2336,.085,.017,.8,-2.5,27.7,4.5,4.9
https://www.boxscoregeeks.com/players/42-baron-davis,Baron Davis,1.2,54,1820,.215,.146,5.5,1.5,25.5,6.2,12.7
https://www.boxscoregeeks.com/players/725-awvee-storey,Awvee Storey,2.5,25,97,.028,-.040,-.1,-4.3,21.2,10.8,2.0
https://www.boxscoregeeks.com/players/648-austin-croshere,Austin Croshere,4.0,50,1018,.364,.210,4.4,3.4,19.2,12.5,2.9
https://www.boxscoregeeks.com/players/1225-arvydas-macijauskas,Arvydas Macijauskas,2.0,19,102,.001,-.066,-.1,-5.1,20.7,4.7,2.4
https://www.boxscoregeeks.com/players/308-antonio-mcdyess,Antonio McDyess,4.5,82,1631,.269,.115,3.9,.5,18.8,12.8,2.6
https://www.boxscoregeeks.com/players/867-antonio-davis,Antonio Davis,4.5,44,839,.180,.026,.5,-2.3,12.4,11.9,1.2
https://www.boxscoregeeks.com/players/376-antonio-daniels,Antonio Daniels,1.0,79,2097,.212,.143,6.2,1.4,17.6,3.9,6.5
https://www.boxscoregeeks.com/players/853-antonio-burks,Antonio Burks,1.9,57,499,-.019,-.087,-.9,-5.8,10.9,3.6,7.3
https://www.boxscoregeeks.com/players/464-antoine-wright,Antoine Wright,2.5,39,334,-.083,-.151,-1.0,-7.8,10.1,4.3,1.7
https://www.boxscoregeeks.com/players/727-antoine-walker,Antoine Walker,3.7,82,2070,.160,.033,1.4,-2.0,23.2,9.8,3.8
https://www.boxscoregeeks.com/players/628-anthony-roberson,Anthony Roberson,1.0,16,70,.100,.031,.0,-2.1,24.0,4.1,3.4
https://www.boxscoregeeks.com/players/566-anthony-johnson,Anthony Johnson,1.0,75,1809,.199,.129,4.9,.9,18.3,4.5,8.6
https://www.boxscoregeeks.com/players/843-anthony-grundy,Anthony Grundy,1.0,12,108,.187,.118,.3,.6,23.1,7.6,4.0
https://www.boxscoregeeks.com/players/838-anthony-goldwire,Anthony Goldwire,1.0,3,22,-.304,-.374,-.2,-14.7,4.4,2.2,4.4
https://www.boxscoregeeks.com/players/367-anthony-carter,Anthony Carter,1.0,45,572,.130,.061,.7,-1.2,12.6,5.2,8.5
https://www.boxscoregeeks.com/players/52-antawn-jamison,Antawn Jamison,3.5,82,3091,.226,.115,7.4,.5,26.1,11.9,2.5
https://www.boxscoregeeks.com/players/720-anfernee-hardaway,Anfernee Hardaway,2.5,4,72,-.018,-.086,-.1,-5.8,6.7,6.7,5.4
https://www.boxscoregeeks.com/players/91-andris-biedrins,Andris Biedrins,5.0,68,976,.362,.208,4.2,3.4,12.7,13.9,1.2
https://www.boxscoregeeks.com/players/138-andrew-bynum,Andrew Bynum,5.0,46,330,.128,-.026,-.2,-3.9,10.7,11.6,1.3
https://www.boxscoregeeks.com/players/168-andrew-bogut,Andrew Bogut,4.6,82,2171,.322,.168,7.6,2.1,17.0,12.7,4.2
https://www.boxscoregeeks.com/players/255-andres-nocioni,Andres Nocioni,3.7,82,2102,.257,.128,5.6,.9,24.3,11.4,2.7
https://www.boxscoregeeks.com/players/403-andrei-kirilenko,Andrei Kirilenko,3.2,69,2380,.398,.311,15.4,6.6,21.3,11.1,6.0
https://www.boxscoregeeks.com/players/709-andre-owens,Andre Owens,2.0,23,210,-.079,-.147,-.6,-7.6,15.8,4.8,1.8
https://www.boxscoregeeks.com/players/282-andre-miller,Andre Miller,1.5,82,2734,.240,.171,9.8,2.3,19.8,6.2,11.8
https://www.boxscoregeeks.com/players/253-andre-iguodala,Andre Iguodala,2.5,82,2912,.284,.216,13.1,3.6,16.6,7.9,4.2
https://www.boxscoregeeks.com/players/710-andre-barrett,Andre Barrett,1.0,19,282,.046,-.023,-.1,-3.8,14.8,4.3,8.8
https://www.boxscoregeeks.com/players/337-andray-blatche,Andray Blatche,5.0,29,137,.033,-.122,-.3,-6.9,22.8,13.4,3.5
https://www.boxscoregeeks.com/players/55-anderson-varejao,Anderson Varejao,4.5,48,749,.362,.207,3.2,3.4,14.0,15.1,1.2
https://www.boxscoregeeks.com/players/321-amir-johnson,Amir Johnson,3.6,3,39,.324,.204,.2,3.3,24.8,5.0,3.7
https://www.boxscoregeeks.com/players/222-amare-stoudemire,Amare Stoudemire,5.0,3,50,.156,.002,.0,-3.0,24.7,15.2,1.9
https://www.boxscoregeeks.com/players/776-alvin-williams,Alvin Williams,2.0,1,10,-.202,-.270,-.1,-11.5,4.9,14.8,0
https://www.boxscoregeeks.com/players/723-alonzo-mourning,Alonzo Mourning,5.0,65,1219,.425,.271,6.9,5.3,20.0,14.1,.4
https://www.boxscoregeeks.com/players/544-allen-iverson,Allen Iverson,1.1,72,2925,.174,.104,6.4,.2,39.0,3.8,8.7
https://www.boxscoregeeks.com/players/882-alex-scales,Alex Scales,2.0,1,,.120,.053,.0,-1.4,0,0,0
https://www.boxscoregeeks.com/players/635-alex-acker,Alex Acker,2.0,5,35,-.324,-.392,-.3,-15.3,12.3,6.8,5.5
https://www.boxscoregeeks.com/players/798-alan-henderson,Alan Henderson,4.0,51,489,.340,.185,1.9,2.7,12.5,13.5,1.0
https://www.boxscoregeeks.com/players/756-alan-anderson,Alan Anderson,2.9,36,514,.099,.031,.3,-2.1,19.3,6.5,3.0
https://www.boxscoregeeks.com/players/332-al-jefferson,Al Jefferson,4.5,59,994,.260,.106,2.2,.2,22.4,14.4,1.4
https://www.boxscoregeeks.com/players/71-al-harrington,Al Harrington,4.5,76,2552,.118,-.037,-1.9,-4.2,26.5,9.8,4.5
https://www.boxscoregeeks.com/players/680-adrian-griffin,Adrian Griffin,2.5,52,1110,.307,.239,5.5,4.4,10.3,9.8,3.9
https://www.boxscoregeeks.com/players/615-adonal-foyle,Adonal Foyle,5.0,77,1755,.290,.136,5.0,1.1,9.4,11.6,.9
https://www.boxscoregeeks.com/players/716-aaron-williams,Aaron Williams,4.5,47,774,.230,.076,1.2,-.7,13.8,11.2,1.1
https://www.boxscoregeeks.com/players/829-aaron-miles,Aaron Miles,1.0,19,118,.117,.048,.1,-1.6,6.5,5.7,9.8
https://www.boxscoregeeks.com/players/777-aaron-mckie,Aaron McKie,1.0,14,121,.224,.155,.4,1.7,2.8,7.9,4.3